year,grape juice,apple juice,lemonade,vegetable juice,grapefruit juice,cranberry juice,orange juice
1800,0.0,1.70315495041e-08,1.26446676063e-06,1.19220842976e-07,0.0,0.0,3.74349031773e-08
1801,0.0,1.36252396032e-08,1.12260911891e-06,1.27153407448e-07,0.0,0.0,4.05401664239e-08
1802,0.0,1.1354366336e-08,1.07692233442e-06,1.62020365716e-07,0.0,0.0,3.37834720199e-08
1803,8.82522905548e-09,1.85575430578e-08,1.06229543917e-06,1.65350286352e-07,0.0,0.0,3.77824907868e-08
1804,8.82522905548e-09,1.85575430578e-08,1.01816106885e-06,1.72306612407e-07,0.0,0.0,3.77824907868e-08
1805,8.82522905548e-09,3.58323412846e-08,1.02274449582e-06,1.8094401152e-07,0.0,0.0,3.77824907868e-08
1806,4.43756376407e-08,4.17574094667e-08,1.00592508596e-06,1.86869079702e-07,0.0,0.0,2.61234315449e-08
1807,4.43756376407e-08,4.02939873214e-08,7.02347552561e-07,1.22877329645e-07,0.0,0.0,1.63911175426e-08
1808,4.43756376407e-08,4.02939873214e-08,6.49965226529e-07,1.00179663168e-07,0.0,0.0,8.82522905548e-09
1809,4.43756376407e-08,4.02939873214e-08,5.68139409296e-07,7.08516442976e-08,0.0,0.0,8.82522905548e-09
1810,3.55504085852e-08,3.14687582659e-08,5.00213776178e-07,4.43759571311e-08,0.0,0.0,0.0
1811,3.55504085852e-08,3.14687582659e-08,6.23345729573e-07,5.1296170359e-08,0.0,0.0,2.7753079073e-08
1812,8.92001571019e-08,6.01794576076e-08,6.61128949174e-07,5.03230211787e-08,0.0,0.0,5.07458278573e-08
1813,5.36497485168e-08,5.42543894255e-08,7.30866944362e-07,4.43979529966e-08,0.0,0.0,5.07458278573e-08
1814,5.36497485168e-08,4.59854975686e-08,8.13722517685e-07,8.95202662475e-08,0.0,0.0,9.45296128358e-08
1815,5.78265196996e-08,5.85158111172e-08,9.75987107767e-07,1.06227350979e-07,0.0,0.0,1.1541346875e-07
1816,5.78265196996e-08,5.85158111172e-08,1.05553063331e-06,9.20382886095e-08,0.0,0.0,1.1541346875e-07
1817,7.09369832716e-08,5.85158111172e-08,1.06680293907e-06,1.51035374683e-07,0.0,0.0,1.1541346875e-07
1818,1.31898702754e-07,6.66440403815e-08,9.67977574159e-07,2.06248787192e-07,0.0,4.06411463213e-09,1.03916848206e-07
1819,7.82489542368e-08,3.32489916234e-08,8.76005922785e-07,2.17470210221e-07,0.0,4.06411463213e-09,8.09240994215e-08
1820,8.42551384851e-08,3.92551758718e-08,8.86633374973e-07,2.4750113197e-07,0.0,4.06411463213e-09,8.39271915457e-08
1821,8.6781550073e-08,5.44136448915e-08,7.85585287742e-07,2.10876430984e-07,0.0,4.06411463213e-09,5.27754647603e-08
1822,9.06850338315e-08,1.01138534753e-07,7.29564357625e-07,2.10329856135e-07,0.0,4.06411463213e-09,3.72784454734e-08
1823,1.03103336408e-07,1.1045226194e-07,8.94899173431e-07,2.12005351941e-07,0.0,4.06411463213e-09,5.28013234405e-08
1824,9.52564774995e-08,1.13084064271e-07,9.39656439008e-07,1.55640068199e-07,0.0,4.06411463213e-09,6.85921369227e-08
1825,3.96941981506e-08,1.13054994953e-07,9.16279979383e-07,9.19495565402e-08,0.0,0.0,5.50353984607e-08
1826,4.71431313035e-08,1.07913479295e-07,1.03859248668e-06,8.60995168495e-08,0.0,0.0,6.4346564648e-08
1827,4.87693930954e-08,1.05723518067e-07,1.06756151018e-06,7.32415989445e-08,0.0,0.0,6.5159695544e-08
1828,5.04784445354e-08,1.07506901159e-07,1.1774042244e-06,8.1786856906e-08,0.0,0.0,5.67631003788e-08
1829,5.80840782456e-08,5.08660126083e-08,1.15820306197e-06,7.34692913491e-08,0.0,0.0,6.96764685314e-08
1830,5.43448927764e-08,4.29988048976e-08,1.02885040982e-06,7.73857760095e-08,0.0,0.0,6.13861878155e-08
1831,4.90812881131e-08,4.20624408954e-08,1.03480823758e-06,7.81448503367e-08,0.0,0.0,5.23771276509e-08
1832,4.49591570322e-08,3.39632809495e-08,1.13398671012e-06,8.2963882621e-08,0.0,1.27730905218e-09,5.47866436662e-08
1833,4.19215452193e-08,3.20284994716e-08,1.16185331235e-06,7.87508920297e-08,0.0,1.27730905218e-09,4.76811381489e-08
1834,3.58081783907e-08,2.82122764515e-08,1.17750395885e-06,6.3096967397e-08,0.0,1.27730905218e-09,5.14603114407e-08
1835,3.9755496038e-08,1.12704243398e-08,1.30005780148e-06,5.66486570668e-08,0.0,2.91386521261e-09,5.5407629088e-08
1836,3.52795325652e-08,1.48838460287e-08,1.32491648408e-06,5.37879018785e-08,0.0,2.91386521261e-09,4.83173502478e-08
1837,6.58545653565e-08,1.97686409464e-08,1.38934241572e-06,7.27863123424e-08,0.0,5.44639102072e-09,4.74160673899e-08
1838,7.193008538e-08,1.8073202617e-08,1.4400425237e-06,8.15464757307e-08,0.0,6.66149497468e-09,4.06343140723e-08
1839,9.61311959559e-08,2.20961110996e-08,1.49090573182e-06,8.87606069914e-08,0.0,5.3841859225e-09,3.68660474846e-08
1840,1.35825688474e-07,1.65819594246e-08,1.56409595992e-06,1.08954946145e-07,0.0,6.54486522121e-09,4.51065008836e-08
1841,1.42281796503e-07,1.95726546082e-08,1.52660909146e-06,1.17404851555e-07,0.0,9.53556040478e-09,4.64831906299e-08
1842,1.45579633428e-07,2.04557790389e-08,1.42078798872e-06,1.15039587761e-07,0.0,8.78212867507e-09,4.80147786927e-08
1843,1.8140922193e-07,2.29390639817e-08,1.52585435626e-06,1.32706053892e-07,0.0,8.78212867507e-09,6.29379159583e-08
1844,1.53309352578e-07,1.9396319725e-08,1.52437461853e-06,1.18454381542e-07,0.0,6.24960286696e-09,6.59018353539e-08
1845,1.61736291851e-07,2.0302723439e-08,1.5967122579e-06,1.13554571206e-07,0.0,5.034498913e-09,7.67786799218e-08
1846,1.46735165923e-07,1.81847774933e-08,1.50853947886e-06,1.03741817676e-07,0.0,5.034498913e-09,7.8295154233e-08
1847,1.19838724404e-07,2.28782426654e-08,1.4720131699e-06,9.34986965311e-08,0.0,3.87381961429e-09,8.27116796641e-08
1848,1.32195074379e-07,2.42443052301e-08,1.55920568951e-06,9.805223909e-08,0.0,2.33537709806e-09,8.82621205329e-08
1849,1.57321260083e-07,2.63494914142e-08,1.5732360882e-06,1.17065757723e-07,0.0,1.45225266733e-09,8.60185283637e-08
1850,1.26165705692e-07,2.65334874707e-08,1.48951495125e-06,1.23008229126e-07,0.0,1.45225266733e-09,6.68744074085e-08
1851,1.31993438401e-07,2.97707927517e-08,1.45520830002e-06,1.20735412779e-07,0.0,2.00005954655e-09,6.90831178294e-08
1852,1.26405589107e-07,3.00530037047e-08,1.38193423454e-06,1.20021563989e-07,0.0,2.59436688006e-09,6.83094979311e-08
1853,1.30628754068e-07,3.39232213748e-08,1.43142010898e-06,1.23952074668e-07,0.0,5.21944874622e-09,7.85774634566e-08
1854,1.45279572658e-07,3.05041638298e-08,1.43802790012e-06,1.16010678556e-07,0.0,5.21944874622e-09,8.28309381085e-08
1855,1.35154353265e-07,3.24282171274e-08,1.41166540292e-06,1.11694468817e-07,0.0,5.33739884036e-09,7.85147292578e-08
1856,1.15134406548e-07,3.06685625467e-08,1.37194528874e-06,8.58461604342e-08,0.0,5.33739884036e-09,7.84158890202e-08
1857,1.11175687926e-07,2.65436411898e-08,1.39635005216e-06,6.26213920401e-08,0.0,5.33739884036e-09,7.44082569528e-08
1858,1.19708998492e-07,3.00860120943e-08,1.43669926438e-06,5.64006652493e-08,0.0,5.85273042729e-09,7.24725593823e-08
1859,1.14896321251e-07,3.02647083902e-08,1.57047671908e-06,6.21690833734e-08,0.0,5.25842309378e-09,9.92867315982e-08
1860,1.17586329055e-07,3.56691131869e-08,1.63854652183e-06,5.93139557787e-08,0.0,2.63334122762e-09,1.01067436198e-07
1861,9.7533371411e-08,3.75433011029e-08,1.69216853177e-06,5.24172356314e-08,0.0,2.63334122762e-09,8.5099917589e-08
1862,1.05451181818e-07,3.21686964685e-08,1.66603369399e-06,5.03667758928e-08,0.0,1.06313846615e-09,8.39556636275e-08
1863,1.04784471449e-07,3.23873264081e-08,1.76724653857e-06,4.70087524462e-08,0.0,1.06313846615e-09,7.87546562567e-08
1864,1.19807853923e-07,2.7617230217e-08,1.82234516594e-06,4.48128203751e-08,0.0,1.06313846615e-09,7.97363787695e-08
1865,1.08483949062e-07,1.94681257781e-08,1.88992547022e-06,4.19818440329e-08,0.0,0.0,7.72638412932e-08
1866,1.3027387334e-07,2.81698710707e-08,1.79224866871e-06,3.90258829697e-08,0.0,0.0,4.39425357054e-08
1867,1.28506380775e-07,2.0710041745e-08,1.8167516705e-06,3.47943563485e-08,0.0,4.46370680101e-09,4.68912485983e-08
1868,1.35569737278e-07,2.046461394e-08,1.82708428552e-06,3.30359877232e-08,0.0,5.1894987355e-09,4.73716127912e-08
1869,1.35163446404e-07,2.22842286211e-08,1.87091705633e-06,3.10132274782e-08,0.0,5.1894987355e-09,4.23982803152e-08
1870,1.39130666099e-07,2.22084851461e-08,1.8402844985e-06,3.5014239825e-08,0.0,5.1894987355e-09,4.36562076013e-08
1871,1.41999886135e-07,2.48013411078e-08,1.90897951783e-06,3.83259534585e-08,0.0,5.83771272592e-09,4.74717430445e-08
1872,1.52555773347e-07,2.53359339223e-08,1.89309576942e-06,3.93368131719e-08,0.0,5.83771272592e-09,5.07959522698e-08
1873,1.43731648424e-07,1.52668776668e-08,1.9295551101e-06,3.48634700791e-08,0.0,5.83771272592e-09,5.26859177872e-08
1874,1.51289360151e-07,1.35340380173e-08,1.87308136538e-06,3.30489847552e-08,0.0,1.37400592491e-09,4.14541443711e-08
1875,1.49589707542e-07,1.56390602056e-08,1.84263143505e-06,3.37334317305e-08,0.0,7.80277081042e-09,4.42642858875e-08
1876,1.44399426702e-07,1.41659947265e-08,1.83839161697e-06,2.88530898856e-08,0.0,7.80277081042e-09,4.95712210962e-08
1877,1.51105648946e-07,1.88978989917e-08,1.85075147005e-06,2.44249906015e-08,0.0,7.80277081042e-09,5.9221178818e-08
1878,1.5902856308e-07,1.86347195452e-08,1.85041777241e-06,2.26022037911e-08,0.0,7.62049211035e-09,5.93635105517e-08
1879,2.13156634756e-07,1.81064435826e-08,1.88316898773e-06,2.04192540971e-08,0.0,9.04595084553e-09,5.89218033095e-08
1880,2.29295842948e-07,2.12690095377e-08,1.92687268693e-06,1.63334006637e-08,0.0,9.8365923026e-09,6.68766515182e-08
1881,2.26600617794e-07,2.08887962166e-08,1.99643593879e-06,1.48892064392e-08,0.0,1.18449707186e-08,7.7927328019e-08
1882,2.68994533981e-07,2.16592860472e-08,1.9971402724e-06,2.18066882012e-08,0.0,5.13492772112e-09,9.10468350871e-08
1883,2.76085234833e-07,3.46743543085e-08,2.05459803701e-06,2.18915410878e-08,0.0,6.91840572133e-09,1.04390512742e-07
1884,2.65607233001e-07,3.36600399617e-08,2.11709714562e-06,2.26922654001e-08,0.0,1.03111607506e-08,1.14212794714e-07
1885,2.80678780091e-07,4.3066430295e-08,2.136919842e-06,2.01286386289e-08,0.0,1.19409517512e-08,1.18447106948e-07
1886,2.30327120234e-07,4.76011515918e-08,2.13209662056e-06,1.90300554362e-08,0.0,1.34955828417e-08,1.40398431262e-07
1887,2.33870178779e-07,6.00768824529e-08,2.1912109713e-06,2.09761160187e-08,0.0,1.62235581477e-08,1.39859120824e-07
1888,2.38020530555e-07,6.77590924956e-08,2.18303071071e-06,2.21942835538e-08,0.0,1.50229112642e-08,1.35916827222e-07
1889,2.20636259516e-07,6.86590052748e-08,2.17262027337e-06,1.76875517407e-08,0.0,1.59844168695e-08,1.24442830485e-07
1890,2.28781223331e-07,6.16024080001e-08,2.24125993453e-06,1.70710658942e-08,0.0,1.56431841766e-08,1.19370991441e-07
1891,2.43954843025e-07,6.07799856159e-08,2.33063252564e-06,1.8437650454e-08,0.0,1.47393433014e-08,1.08914466462e-07
1892,2.21183331269e-07,5.25223263611e-08,2.29765502491e-06,1.82392373585e-08,0.0,1.32760547317e-08,1.22056762634e-07
1893,2.33777632617e-07,5.33636231711e-08,2.35162369952e-06,1.88170041453e-08,0.0,1.15325970361e-08,1.28771981364e-07
1894,2.43549347102e-07,4.65866050498e-08,2.3442231259e-06,1.6713250593e-08,0.0,1.18116711967e-08,1.42770697328e-07
1895,2.53426335473e-07,4.54348562582e-08,2.3014825474e-06,1.62541991295e-08,0.0,1.2126307133e-08,1.4727773182e-07
1896,2.48953611059e-07,4.42139800327e-08,2.34149264219e-06,1.22220164941e-08,0.0,1.27049118527e-08,1.53085489539e-07
1897,2.5872317877e-07,5.31532263918e-08,2.32796325582e-06,1.42305513563e-08,0.0,1.17176094542e-08,1.59075014447e-07
1898,2.57242636224e-07,6.15253896719e-08,2.25996969329e-06,1.41349095127e-08,4.76938615585e-10,1.01825725312e-08,1.71669720804e-07
1899,2.86601748001e-07,8.13558069167e-08,2.29623565686e-06,1.42426564669e-08,4.76938615585e-10,1.05526648531e-08,1.8271392702e-07
1900,3.14734033391e-07,8.39619185765e-08,2.27151638464e-06,1.42169615921e-08,4.76938615585e-10,1.00999984408e-08,1.72291937542e-07
1901,3.39091900606e-07,1.13740679367e-07,2.2519876535e-06,1.59545676511e-08,4.76938615585e-10,7.25052933565e-09,1.74786504127e-07
1902,4.33048949033e-07,1.19794951847e-07,2.37833204267e-06,1.52352873967e-08,4.76938615585e-10,7.62199727143e-09,2.1729733936e-07
1903,4.67073999874e-07,1.29303093359e-07,2.55281705996e-06,1.76073458036e-08,4.76938615585e-10,6.66950125286e-09,2.58623827227e-07
1904,5.05420455964e-07,1.49844230436e-07,2.5474030565e-06,1.78729215872e-08,4.76938615585e-10,8.46098342182e-09,3.03108356049e-07
1905,5.45155847068e-07,1.51312158818e-07,2.56367154274e-06,1.50473636408e-08,2.47487744584e-10,8.00208167982e-09,3.13212337828e-07
1906,6.01529732184e-07,1.68026695621e-07,2.64731058941e-06,1.46251482353e-08,2.47487744584e-10,7.45179299219e-09,3.84956310273e-07
1907,6.88205894114e-07,1.88481905765e-07,2.70947170807e-06,1.59954805274e-08,2.47487744584e-10,8.37427297348e-09,4.32243766938e-07
1908,7.30935277701e-07,1.89539204522e-07,2.75751958613e-06,1.45022152699e-08,1.56342164611e-09,1.04965636024e-08,4.83559506405e-07
1909,7.42200671208e-07,2.43035268513e-07,2.75422800097e-06,1.61641776789e-08,1.56342164611e-09,1.35705963134e-08,5.0959969863e-07
1910,8.01582566038e-07,2.62150574819e-07,2.65834910732e-06,1.53737365219e-08,1.99757661206e-09,1.47092429824e-08,5.47290002714e-07
1911,9.7896261548e-07,3.03103833984e-07,2.7200018791e-06,1.37487067287e-08,5.19471830631e-09,1.36046542444e-08,6.19594312047e-07
1912,1.08725304683e-06,3.13269035998e-07,2.74512641926e-06,1.37200232604e-08,5.42786431674e-09,1.50322138071e-08,6.97880621419e-07
1913,1.14394929707e-06,3.10236566976e-07,2.79801151823e-06,1.95353573001e-08,7.50860204172e-09,1.73542894182e-08,7.14639198675e-07
1914,1.18503532181e-06,3.33003581852e-07,2.86614500539e-06,2.49521570707e-08,1.23989829039e-08,1.82094718352e-08,8.17278565332e-07
1915,1.23787113004e-06,3.43079120605e-07,2.86575338241e-06,2.67508288219e-08,1.67025671865e-08,1.99556891329e-08,9.4449012446e-07
1916,1.3001328575e-06,3.30248663273e-07,2.93895650108e-06,2.69200994512e-08,2.54181721861e-08,1.84639168399e-08,9.89203724647e-07
1917,1.37628826456e-06,3.44148716239e-07,2.98790498166e-06,2.86368558866e-08,2.67130700576e-08,1.73738000653e-08,1.07179342404e-06
1918,1.27679792352e-06,3.0155230768e-07,2.98196159365e-06,3.31903360192e-08,2.89459719527e-08,1.79597047234e-08,1.11350082501e-06
1919,1.19838073769e-06,3.0780677878e-07,2.94398170749e-06,3.44979281491e-08,3.50656569654e-08,1.76872493635e-08,1.40330947853e-06
1920,1.14949151702e-06,3.01860343832e-07,2.82984811159e-06,3.33683417088e-08,4.13430423229e-08,1.58084455843e-08,1.58234268812e-06
1921,1.13569545495e-06,3.04027371025e-07,2.67675466154e-06,2.91222565111e-08,3.98144306096e-08,1.76171176536e-08,1.5830392291e-06
1922,1.09933287521e-06,2.76253687862e-07,2.65802517273e-06,3.02722422685e-08,4.02526615214e-08,1.40757035075e-08,1.67322207087e-06
1923,1.03554533577e-06,2.55870652634e-07,2.58231895207e-06,2.90765466942e-08,6.03698633306e-08,1.25666079923e-08,1.76423301568e-06
1924,9.65246763724e-07,2.82904325712e-07,2.53032929987e-06,2.67604464302e-08,6.69757986849e-08,1.28751146252e-08,1.91213168829e-06
1925,9.48602234858e-07,2.68410450152e-07,2.44123611853e-06,2.50603076703e-08,7.3090110916e-08,1.17105129403e-08,1.97184674988e-06
1926,9.93809067484e-07,2.69438332946e-07,2.42932882204e-06,3.88607968027e-08,7.49627213002e-08,1.29821329559e-08,1.94726082522e-06
1927,1.01835732602e-06,2.7338055245e-07,2.34904972705e-06,3.85173675811e-08,8.80480454895e-08,1.26509210092e-08,2.01243635546e-06
1928,9.7548962514e-07,2.29426102751e-07,2.44964256346e-06,3.86647303698e-08,1.10888720555e-07,9.18415340604e-09,2.1666925757e-06
1929,9.57259259035e-07,2.23311191951e-07,2.37754519501e-06,3.84789318186e-08,1.30973853096e-07,1.1879908549e-08,2.22102008658e-06
1930,9.62961665074e-07,2.11299613394e-07,2.33242494614e-06,4.87815439154e-08,1.52395972096e-07,2.1353763329e-08,2.54750305321e-06
1931,9.39976911672e-07,1.51123253118e-07,2.27275729322e-06,4.92567949286e-08,1.81157308139e-07,2.16507952519e-08,2.67802963906e-06
1932,9.36269394395e-07,1.65511191451e-07,2.29794665899e-06,5.16752176605e-08,2.19283316013e-07,2.54193739074e-08,2.83698959537e-06
1933,9.32896959492e-07,1.84237787978e-07,2.34212813118e-06,3.88029238899e-08,2.33189771239e-07,3.29607626906e-08,2.94603348599e-06
1934,9.61026460379e-07,1.9413176644e-07,2.43332435534e-06,4.23978998259e-08,2.75939261028e-07,4.11005884882e-08,3.0774677973e-06
1935,9.60189558022e-07,2.2685235709e-07,2.38102419343e-06,4.72545493529e-08,2.96332664121e-07,4.51599272898e-08,3.16869094417e-06
1936,1.01387790278e-06,2.63822877005e-07,2.4270905689e-06,5.54195350246e-08,3.53362315916e-07,5.37988853783e-08,3.51839558935e-06
1937,9.85263502911e-07,2.84261821447e-07,2.41671051095e-06,5.69113353586e-08,3.63437444711e-07,7.65428602088e-08,3.48662826509e-06
1938,9.68372731717e-07,3.00788608814e-07,2.40002996321e-06,6.7305032119e-08,3.88799016728e-07,8.54935971224e-08,3.52609423361e-06
1939,9.65936558549e-07,3.38644387516e-07,2.40405877605e-06,7.44357159719e-08,4.44812675582e-07,8.8469816774e-08,3.76049436771e-06
1940,9.19886243115e-07,3.28521109554e-07,2.40154974903e-06,9.06251248648e-08,5.09672377255e-07,8.31995310741e-08,3.8571616037e-06
1941,8.62336531198e-07,3.64942671765e-07,2.40009175366e-06,9.2937702518e-08,5.38614371453e-07,7.86941100537e-08,4.00900053218e-06
1942,9.22064000898e-07,3.66437340534e-07,2.43891598029e-06,9.48278021503e-08,5.49396623623e-07,1.30053302001e-07,4.02117102283e-06
1943,8.60075123375e-07,3.40119359216e-07,2.42094015146e-06,9.39835294668e-08,5.19874620876e-07,1.28692577896e-07,3.83621342337e-06
1944,8.51204870399e-07,3.51303932738e-07,2.44501395701e-06,1.01494456205e-07,5.3157607814e-07,1.00889603751e-07,3.84015291591e-06
1945,9.03388472346e-07,3.8321259518e-07,2.4440065145e-06,1.01526336417e-07,5.35907379965e-07,1.0150137762e-07,3.83514419257e-06
1946,8.68801924117e-07,3.71775829106e-07,2.39172544614e-06,1.01244519562e-07,5.20524910952e-07,1.00938857304e-07,3.73476206659e-06
1947,8.84538089504e-07,4.21544799638e-07,2.28954536498e-06,9.76162300516e-08,5.24473127626e-07,1.32725236516e-07,3.52670385999e-06
1948,8.74878028689e-07,4.10989122608e-07,2.24022274509e-06,1.01780342503e-07,4.94424283071e-07,1.33708601841e-07,3.29998340882e-06
1949,7.57671166632e-07,4.03548556286e-07,2.16948788077e-06,1.05018902495e-07,4.90525894919e-07,8.75839408617e-08,3.33211471672e-06
1950,7.39833056849e-07,3.99471338611e-07,2.14215863892e-06,1.02766866889e-07,4.833988296e-07,8.16057676037e-08,3.21439524039e-06
1951,7.59212332684e-07,5.14219404771e-07,2.08719895259e-06,1.01675214026e-07,4.86938557159e-07,8.8947164935e-08,3.18487595763e-06
1952,6.91367189911e-07,4.92675577922e-07,2.09655559275e-06,1.11239961861e-07,4.89429517739e-07,8.82322826547e-08,3.1703141689e-06
1953,6.5323599463e-07,4.5542286515e-07,2.04196664225e-06,1.10004446124e-07,4.30469435811e-07,8.42995614425e-08,2.92939461234e-06
1954,6.25808979431e-07,4.00292273376e-07,2.04318473632e-06,1.05343392295e-07,3.83482528557e-07,5.14582885985e-08,2.95879257907e-06
1955,6.08959602934e-07,4.29225847642e-07,1.98155753146e-06,1.00941623314e-07,3.65467563672e-07,5.60011065933e-08,2.89581293751e-06
1956,5.96897983104e-07,4.18943799223e-07,1.89961968777e-06,9.41749820983e-08,3.57374326227e-07,5.921334399e-08,2.76070745083e-06
1957,5.88583483539e-07,4.23425789685e-07,1.85426551478e-06,9.57444522712e-08,3.83110399278e-07,6.34418499163e-08,2.72924151647e-06
1958,5.58249713504e-07,3.73932628877e-07,1.82627412678e-06,9.89502465045e-08,3.71755907011e-07,5.92112334243e-08,2.6434925979e-06
1959,5.33448272983e-07,3.58088153621e-07,1.74699989059e-06,8.70367565163e-08,3.29938220522e-07,5.34077860825e-08,2.46335065108e-06
1960,5.37186789781e-07,3.85316578834e-07,1.74828190534e-06,8.97858022375e-08,3.36789677924e-07,5.69192437469e-08,2.46442707968e-06
1961,5.10148886436e-07,3.75801145282e-07,1.6933658372e-06,8.72413294146e-08,3.17995678266e-07,6.12082079465e-08,2.36209135198e-06
1962,4.71222701177e-07,2.98823974232e-07,1.63940728637e-06,8.4525143107e-08,3.02033775736e-07,5.71028589493e-08,2.26864118856e-06
1963,4.58498687842e-07,3.16605378137e-07,1.62060179384e-06,9.0515275846e-08,2.8314256828e-07,5.09288741973e-08,2.22997233327e-06
1964,4.333817194e-07,3.16305423726e-07,1.56721600535e-06,8.91509124936e-08,2.27008232672e-07,4.68376899249e-08,2.10375606256e-06
1965,3.92135081486e-07,2.35014714166e-07,1.50749370891e-06,7.76153275618e-08,1.84298088853e-07,4.69359094844e-08,1.97256977026e-06
1966,3.81338762536e-07,2.36835669235e-07,1.49855584868e-06,8.10657957904e-08,1.84356299052e-07,5.02014056753e-08,1.91979108826e-06
1967,3.73938918211e-07,2.06681674378e-07,1.46971075919e-06,7.54660655078e-08,1.70816294696e-07,5.32818861096e-08,1.90847917685e-06
1968,3.92605766976e-07,2.46073338499e-07,1.45086061857e-06,7.95301207271e-08,1.84288035276e-07,5.91539423238e-08,1.95641682156e-06
1969,4.18082420461e-07,3.03247973557e-07,1.44446572316e-06,8.70966306378e-08,2.09495568512e-07,6.87581293092e-08,2.06247752286e-06
1970,4.53739109238e-07,3.13073408246e-07,1.40693568491e-06,9.02528395194e-08,2.18522224443e-07,8.25038292526e-08,2.14606967219e-06
1971,4.73260625387e-07,3.3513142385e-07,1.42064444424e-06,9.64856510561e-08,2.26267523781e-07,9.31049091871e-08,2.21269097216e-06
1972,4.87240917105e-07,3.68325548918e-07,1.42986835553e-06,1.01086956805e-07,2.46409908446e-07,1.06747498055e-07,2.35093824027e-06
1973,5.35938437153e-07,4.10019121195e-07,1.45927520226e-06,1.1190208325e-07,2.58841235747e-07,1.28293602353e-07,2.54960519643e-06
1974,5.84443577724e-07,4.59823011096e-07,1.50455698934e-06,1.25440061893e-07,2.82052898941e-07,1.35263696101e-07,2.76777235949e-06
1975,5.96534044701e-07,4.71285240547e-07,1.5617034241e-06,1.31045127099e-07,2.85481737876e-07,1.44508733083e-07,2.89321002407e-06
1976,5.966150467e-07,5.30736691294e-07,1.6178860641e-06,1.35551477027e-07,2.77084202606e-07,1.558238688e-07,3.00571223073e-06
1977,5.91630383161e-07,5.9027337069e-07,1.69969751239e-06,1.44614937676e-07,2.86968015232e-07,1.73849371557e-07,3.19124490998e-06
1978,6.09330133842e-07,7.26654930577e-07,1.76433234092e-06,1.54795996275e-07,3.04768595146e-07,1.92836700798e-07,3.40446156498e-06
1979,6.24965509185e-07,8.15585886255e-07,1.85900376007e-06,1.62790376607e-07,3.13508059529e-07,2.04457611444e-07,3.59766267824e-06
1980,6.19913171589e-07,8.94596817386e-07,1.91784882172e-06,1.73623445652e-07,3.3079228098e-07,2.09579831204e-07,3.77245919988e-06
1981,6.11126663814e-07,9.74567277355e-07,1.96700594378e-06,1.72643772548e-07,3.36105083685e-07,2.37130984864e-07,3.9098577521e-06
1982,6.163824933e-07,1.0301793004e-06,2.02017228799e-06,1.80303399132e-07,3.39346439417e-07,2.46048429393e-07,4.05214822357e-06
1983,6.16143477064e-07,1.05985448779e-06,2.11200657471e-06,1.80881760776e-07,3.51896208403e-07,2.64258392771e-07,4.21516700401e-06
1984,6.2446486071e-07,1.07824592467e-06,2.17512242452e-06,1.75827134788e-07,3.56072985581e-07,2.657810597e-07,4.24882559612e-06
1985,6.25888326246e-07,1.02925895083e-06,2.25253212603e-06,1.67699858968e-07,3.62589638893e-07,2.66170014664e-07,4.29830661882e-06
1986,6.32497616885e-07,1.05800664293e-06,2.29071318663e-06,1.64317601605e-07,3.7013672707e-07,2.80211221464e-07,4.32400495397e-06
1987,6.26723717558e-07,1.06066600265e-06,2.34606983085e-06,1.48918737326e-07,3.67989474607e-07,3.01314715845e-07,4.32653731407e-06
1988,6.17012164472e-07,1.08455880074e-06,2.43300960737e-06,1.4942999374e-07,3.60680136607e-07,3.0147504626e-07,4.32305296272e-06
1989,6.04795146155e-07,1.12183771504e-06,2.49145440862e-06,1.47440602739e-07,3.62549049988e-07,3.14806643769e-07,4.28680649784e-06
1990,6.25349030146e-07,1.14535055116e-06,2.5410983329e-06,1.51586321459e-07,3.51771085546e-07,3.18109744229e-07,4.27887225689e-06
1991,6.17980690684e-07,1.21128171315e-06,2.61647363712e-06,1.6223308068e-07,3.52008507406e-07,3.40608897309e-07,4.33535585082e-06
1992,6.17729864023e-07,1.25603318781e-06,2.67721161633e-06,1.77984617913e-07,3.46837692979e-07,3.62992599312e-07,4.3879123928e-06
1993,6.32939321843e-07,1.2563060923e-06,2.72728179824e-06,1.95856496144e-07,3.52838493843e-07,3.78476934904e-07,4.4363545797e-06
1994,6.40886960454e-07,1.2930623282e-06,2.78622394946e-06,2.08043797598e-07,3.67715079957e-07,3.93771975249e-07,4.46813932241e-06
1995,6.56426031499e-07,1.29687690986e-06,2.86072116649e-06,2.186826655e-07,3.99919465829e-07,4.25291903694e-07,4.49628566607e-06
1996,6.74032378864e-07,1.29063794991e-06,2.92299988734e-06,2.25458944974e-07,4.27347887498e-07,4.48737719871e-07,4.55218944292e-06
1997,6.93468387349e-07,1.2631357034e-06,2.99723499328e-06,2.35047419242e-07,4.66559378441e-07,4.76178257904e-07,4.5444679202e-06
1998,7.34127039286e-07,1.23694340783e-06,3.10165448652e-06,2.31812145352e-07,5.03322961381e-07,4.94052798989e-07,4.54226895386e-06
1999,7.58367850613e-07,1.2167034314e-06,3.22669683049e-06,2.41686269474e-07,5.64191944187e-07,5.34021016423e-07,4.6293614925e-06
2000,7.78831929171e-07,1.20382347373e-06,3.35110927985e-06,2.35310237137e-07,6.14343929292e-07,5.65442328959e-07,4.6717159827e-06
2001,8.07168444337e-07,1.15754626094e-06,3.47128701808e-06,2.33753843535e-07,7.04950443837e-07,5.77975510563e-07,4.70391131557e-06
2002,8.26296801585e-07,1.14136024574e-06,3.55626121009e-06,2.40616384801e-07,7.48470474836e-07,5.87812020645e-07,4.75083457729e-06
2003,8.38328986484e-07,1.13039905684e-06,3.63058947274e-06,2.43457636606e-07,7.74899726957e-07,6.07086128225e-07,4.77310531924e-06
2004,8.31975131835e-07,1.0968485202e-06,3.764912594e-06,2.37524022657e-07,7.98153890884e-07,6.23680549872e-07,4.77301724849e-06
2005,7.96003236405e-07,1.02563781877e-06,3.75235914772e-06,2.29816993229e-07,7.67478614772e-07,5.95436292637e-07,4.55378341156e-06
2006,7.94601270634e-07,1.00920409204e-06,3.75722836369e-06,2.18155939295e-07,7.74191496189e-07,5.80648315263e-07,4.48354370401e-06
2007,7.76947160741e-07,9.64202702614e-07,3.77288838322e-06,2.16324128366e-07,7.69306138282e-07,5.63216283456e-07,4.36853113541e-06
2008,7.61197512356e-07,9.57541720192e-07,3.77862908163e-06,2.15970611339e-07,6.8063153405e-07,5.57727504263e-07,4.26913291385e-06
